{
  "config": {
    "initial_usdt": 100000.0,
    "allocation_to_long_pct": 0.5,
    "binance_hedge_pct": 0.33,
    "bybit_hedge_pct": 0.33,
    "max_ltv": 0.93
  },
  "initial_positions": {
    "long": {
      "timestamp": "2024-05-01 00:00:00+00:00",
      "iteration_count": 23,
      "weeth_collateral": 184.7192272532239,
      "weth_debt": 175.23742350770516,
      "collateral_value_weth": 191.7686029468557,
      "net_position_weth": 16.53117943915055,
      "net_position_usd": 49884.27110023797,
      "long_eth_exposure": 16.53117943915055,
      "health_factor": 1.0396191016327199,
      "leverage_multiplier": 11.58220292999714,
      "total_gas_costs_usd": 359.30045527865997,
      "weeth_price": 1.0381626525752412,
      "venue_positions": {
        "etherfi": {
          "eth_staked": 191.7686029468557,
          "weeth_received": 184.7192272532239
        },
        "aave": {
          "weeth_collateral": 184.7192272532239,
          "weth_debt": 175.23742350770516,
          "aweeth_balance": 184.7192272532239
        }
      }
    },
    "short": {
      "binance": {
        "eth_short": 5.4770511556577945,
        "notional_usd": 16500.000000000004,
        "entry_price": 3012.57,
        "margin_posted": 2475.0000000000005,
        "exec_cost": 4.950000000000001,
        "entry_price_close": 2997.9
      },
      "bybit": {
        "eth_short": 5.476633032395115,
        "notional_usd": 16500.000000000004,
        "entry_price": 3012.8,
        "margin_posted": 2475.0000000000005,
        "exec_cost": 4.950000000000001,
        "entry_price_close": 2998.25
      },
      "okx": {
        "eth_short": 5.64302240279894,
        "notional_usd": 17000.000000000004,
        "entry_price": 3012.57,
        "margin_posted": 2550.0000000000005,
        "exec_cost": 11.900000000000002,
        "entry_price_close": 2997.9
      },
      "total_eth_short": 16.59670659085185,
      "total_notional_usd": 50000.00000000001,
      "total_margin_posted": 7500.000000000002,
      "total_exec_costs": 21.800000000000004
    },
    "net_delta_eth": -0.027175680063731278,
    "delta_pct": -0.16400995423496081
  },
  "summary": {
    "total_hours": 24,
    "days_analyzed": 1.0,
    "years_analyzed": 0.0027378507871321013,
    "initial_usdt": 100000.0,
    "initial_cex_balance_usd": 32990.1,
    "initial_eth_wallet_assets_usd": 578678.4308480293,
    "initial_aave_debt_usd": 528794.1597477914,
    "initial_eth_gas_debt_usd": 366.1226158219257,
    "initial_total_value_usd": 82508.24848441602,
    "final_cex_balance_usd": 33468.660599052324,
    "final_eth_wallet_assets_usd": 570191.9635014567,
    "final_aave_debt_usd": 521070.34380104445,
    "final_eth_gas_debt_usd": 360.7533339230631,
    "final_total_value_usd": 82229.52696554147,
    "actual_total_pnl_usd": -278.72151887454675,
    "attribution_pnl_usd": -23.944889090361222,
    "pnl_reconciliation_diff": -254.77662978418553,
    "initial_aave_net_usd": 49884.27110023797,
    "final_aave_net_usd": 49121.61970041223,
    "initial_net_position_usd": 49884.27110023797,
    "final_position_value_usd": 49121.61970041223,
    "cumulative_supply_pnl_usd": 0.0,
    "cumulative_seasonal_pnl_usd": 0.0,
    "cumulative_borrow_cost_usd": 30.708555842988023,
    "cumulative_price_change_pnl_usd": 0.0,
    "cumulative_funding_cost_usd": 6.7636667526268015,
    "cumulative_perp_mtm_pnl_usd": 0.0,
    "cumulative_delta_pnl_usd": 1.885023748389566,
    "cumulative_net_pnl_usd": -23.944889090361222,
    "total_gas_costs_usd": 366.12261582192565,
    "gas_transfer_costs_usd": 6.822160543265696,
    "gas_leverage_loop_usd": 359.30045527865997,
    "total_execution_costs_usd": 56.800000000000004,
    "spot_execution_cost_usd": 35.0,
    "perp_execution_costs_usd": 21.800000000000004,
    "total_transaction_costs_usd": 422.92261582192566,
    "initial_eth_purchased": 16.569530910788117,
    "total_margin_posted": 7500.000000000002,
    "final_cex_account_balance": 33468.660599052324,
    "rebalance_triggers": "0",
    "apr_pct": -17.532321405840314,
    "apy_pct": -99.6401432316697,
    "sharpe_ratio": 0,
    "annualized_volatility": NaN,
    "max_drawdown_pct": -0.04797745667741684,
    "avg_delta_pct_vs_initial": -0.42833073143250316,
    "max_abs_delta_pct_vs_initial": 0.4585646708919863,
    "avg_delta_pct_vs_aave": -0.4294692428360343,
    "max_abs_delta_pct_vs_aave": 0.4599193851337178
  }
}