{
  "config": {
    "initial_usdt": 100000.0,
    "allocation_to_long_pct": 0.5,
    "binance_hedge_pct": 0.33,
    "bybit_hedge_pct": 0.33,
    "max_ltv": 0.93
  },
  "initial_positions": {
    "long": {
      "timestamp": "2024-08-01 00:00:00+00:00",
      "iteration_count": 23,
      "weeth_collateral": 171.35524493140153,
      "weth_debt": 163.51418190957364,
      "collateral_value_weth": 178.94058133614095,
      "net_position_weth": 15.426399426567315,
      "net_position_usd": 49894.317243769336,
      "long_eth_exposure": 15.426399426567315,
      "health_factor": 1.039625739395152,
      "leverage_multiplier": 11.583685846461911,
      "total_gas_costs_usd": 314.58804181447664,
      "weeth_price": 1.0442667302525583,
      "venue_positions": {
        "etherfi": {
          "eth_staked": 178.94058133614095,
          "weeth_received": 171.35524493140153
        },
        "aave": {
          "weeth_collateral": 171.35524493140153,
          "weth_debt": 163.51418190957364,
          "aweeth_balance": 171.35524493140153
        }
      }
    },
    "short": {
      "binance": {
        "eth_short": 5.106003732024546,
        "notional_usd": 16500.0,
        "entry_price": 3231.49,
        "margin_posted": 2475.0,
        "exec_cost": 4.949999999999999,
        "entry_price_close": 3234.01
      },
      "bybit": {
        "eth_short": 5.105782530797152,
        "notional_usd": 16500.0,
        "entry_price": 3231.63,
        "margin_posted": 2475.0,
        "exec_cost": 4.949999999999999,
        "entry_price_close": 3233.7
      },
      "okx": {
        "eth_short": 5.257769901432279,
        "notional_usd": 17000.0,
        "entry_price": 3233.31,
        "margin_posted": 2550.0,
        "exec_cost": 11.9,
        "entry_price_close": 3235.43
      },
      "total_eth_short": 15.469556164253977,
      "total_notional_usd": 50000.0,
      "total_margin_posted": 7500.0,
      "total_exec_costs": 21.799999999999997
    },
    "net_delta_eth": -0.010481585481461053,
    "delta_pct": -0.06780215353805036
  },
  "summary": {
    "total_hours": 24,
    "days_analyzed": 1.0,
    "years_analyzed": 0.0027378507871321013,
    "initial_usdt": 100000.0,
    "initial_cex_balance_usd": 32990.1,
    "initial_eth_wallet_assets_usd": 578755.7994637388,
    "initial_aave_debt_usd": 528861.4822199694,
    "initial_eth_gas_debt_usd": 320.56123248184,
    "initial_total_value_usd": 82563.85601128756,
    "final_cex_balance_usd": 50451.17350319677,
    "final_eth_wallet_assets_usd": 573743.2249412652,
    "final_aave_debt_usd": 524263.91723235516,
    "final_eth_gas_debt_usd": 317.7515903883659,
    "final_total_value_usd": 99612.72962171846,
    "actual_total_pnl_usd": 17048.873610430906,
    "attribution_pnl_usd": 34.7813886596374,
    "pnl_reconciliation_diff": 17014.09222177127,
    "initial_aave_net_usd": 49894.317243769336,
    "final_aave_net_usd": 49479.30770890999,
    "initial_net_position_usd": 49894.317243769336,
    "final_position_value_usd": 49479.30770890999,
    "cumulative_supply_pnl_usd": 1.2122506261865569,
    "cumulative_seasonal_pnl_usd": 0.0,
    "cumulative_borrow_cost_usd": 37.325347127898695,
    "cumulative_price_change_pnl_usd": 58.146375042059056,
    "cumulative_funding_cost_usd": 12.7481101192905,
    "cumulative_perp_mtm_pnl_usd": 0.0,
    "cumulative_delta_pnl_usd": 1.280861276786176,
    "cumulative_net_pnl_usd": 34.7813886596374,
    "total_gas_costs_usd": 320.56123248184014,
    "gas_transfer_costs_usd": 5.973190667363479,
    "gas_leverage_loop_usd": 314.58804181447664,
    "total_execution_costs_usd": 56.8,
    "spot_execution_cost_usd": 35.0,
    "perp_execution_costs_usd": 21.799999999999997,
    "total_transaction_costs_usd": 377.36123248184015,
    "initial_eth_purchased": 15.459074578772515,
    "total_margin_posted": 7500.0,
    "final_cex_account_balance": 50451.17350319677,
    "rebalance_triggers": "0",
    "apr_pct": 25.46162150263513,
    "apy_pct": -95.26776012537461,
    "sharpe_ratio": 0,
    "annualized_volatility": NaN,
    "max_drawdown_pct": 0.0,
    "avg_delta_pct_vs_initial": -0.2559018168230247,
    "max_abs_delta_pct_vs_initial": 0.2773335925348282,
    "avg_delta_pct_vs_aave": -0.25638577278364394,
    "max_abs_delta_pct_vs_aave": 0.27791591374810565
  }
}